batch_size,s_in,s_out,context_length,decode_steps,repeat,warmup,page_size,max_num_pages,max_num_batched_tokens,split_kv_cache,estimated_kv_gib,gpu_total_gib,status,status_reason,model,batch_prompt_mode,prompt_sha256,git_commit,gpu_name,driver_version,torch_version,torch_cuda_version,transformers_version,flashinfer_version,policy,prefill_backend,decode_backend,timing_mode,mean_prefill_ms,mean_decode_ms,mean_prefill_plus_decode_ms,mean_continuous_total_ms,continuous_generated_tokens_per_second,mean_step_latency_ms,median_step_latency_ms,p90_step_latency_ms,p99_step_latency_ms,decode_tokens_per_second,generated_tokens_per_second_including_prefill,decode_relative_range,repeat_prefill_ms,repeat_decode_ms,repeat_continuous_total_ms,minimum_first30_matches,minimum_batch_match_fraction,minimum_passing_request_fraction,invalid_token_count,incomplete_request_count,compared_token_positions,required_token_matches,correctness_gate_applicable,first30_matches_by_request_per_repeat,decode_speedup_vs_normal,phase_sum_speedup_vs_normal,continuous_total_speedup_vs_normal,summary_path
1,16,16,16,15,1,1,64,1,8,False,0.0087890625,93.3447265625,completed,,Qwen/Qwen3-8B,identical,373683306970cf5dc9b931a3baaa87503d8c70b35642a3553ef6519f5f5b13f5,416d459b6eb5f0558f5dc038bd4602d367adec52,NVIDIA H100 NVL,590.48.01,2.6.0+cu124,12.4,4.57.1,0.7.0,normal,NORMAL,NORMAL,one_prefill_phase_then_decode,22.44156837463379,300.30063819885254,322.7422065734863,,,20.02004254659017,20.033855438232422,20.092576217651366,20.35266834259033,49.9499437962144,49.57517075275032,,[22.44156837463379],[300.30063819885254],,,,,0,0,16,11,True,,1.0,1.0,,/data/home/hliu148/mirage/results/qwen3_sglang_decode_only_54_warmup1_repeat1_20260926_082427/b1_in16_out16/summary.json
1,16,16,16,15,1,1,64,1,8,False,0.0087890625,93.3447265625,completed,,Qwen/Qwen3-8B,identical,373683306970cf5dc9b931a3baaa87503d8c70b35642a3553ef6519f5f5b13f5,416d459b6eb5f0558f5dc038bd4602d367adec52,NVIDIA H100 NVL,590.48.01,2.6.0+cu124,12.4,4.57.1,0.7.0,decode-only,NORMAL,MPK,one_prefill_phase_then_decode,23.34636878967285,94.02671813964844,117.37308692932129,,,6.2684478759765625,,,,159.5291242402187,136.31745077672483,,[23.34636878967285],[94.02671813964844],,16,1.0,1.0,0,0,16,11,True,[[16]],3.1937798547094474,2.7497121786345486,,/data/home/hliu148/mirage/results/qwen3_sglang_decode_only_54_warmup1_repeat1_20260926_082427/b1_in16_out16/summary.json
1,16,128,16,127,1,1,256,1,8,False,0.03515625,93.3447265625,completed,,Qwen/Qwen3-8B,identical,373683306970cf5dc9b931a3baaa87503d8c70b35642a3553ef6519f5f5b13f5,416d459b6eb5f0558f5dc038bd4602d367adec52,NVIDIA H100 NVL,590.48.01,2.6.0+cu124,12.4,4.57.1,0.7.0,normal,NORMAL,NORMAL,one_prefill_phase_then_decode,22.408832550048828,2566.1128311157227,2588.5216636657715,,,20.205612843430888,20.19113540649414,20.29059829711914,20.74576377868652,49.49119869557004,49.44907427150175,,[22.408832550048828],[2566.1128311157227],,,,,0,0,30,20,True,,1.0,1.0,,/data/home/hliu148/mirage/results/qwen3_sglang_decode_only_54_warmup1_repeat1_20260926_082427/b1_in16_out128/summary.json
1,16,128,16,127,1,1,256,1,8,False,0.03515625,93.3447265625,correctness_failed,Batch match fraction: 0.633; passing-request fraction: 0.000; both require 0.667; invalid token IDs: 0; incomplete requests: 0,Qwen/Qwen3-8B,identical,373683306970cf5dc9b931a3baaa87503d8c70b35642a3553ef6519f5f5b13f5,416d459b6eb5f0558f5dc038bd4602d367adec52,NVIDIA H100 NVL,590.48.01,2.6.0+cu124,12.4,4.57.1,0.7.0,decode-only,NORMAL,MPK,one_prefill_phase_then_decode,23.54591941833496,799.9253540039062,823.4712734222412,,,6.298624834676427,,,,158.76481394710214,155.43954492553016,,[23.54591941833496],[799.9253540039062],,19,0.6333333333333333,0.0,0,0,30,20,True,[[19]],3.2079403637744823,3.1434267924225296,,/data/home/hliu148/mirage/results/qwen3_sglang_decode_only_54_warmup1_repeat1_20260926_082427/b1_in16_out128/summary.json
1,16,512,16,511,1,1,1024,1,8,False,0.140625,93.3447265625,completed,,Qwen/Qwen3-8B,identical,373683306970cf5dc9b931a3baaa87503d8c70b35642a3553ef6519f5f5b13f5,416d459b6eb5f0558f5dc038bd4602d367adec52,NVIDIA H100 NVL,590.48.01,2.6.0+cu124,12.4,4.57.1,0.7.0,normal,NORMAL,NORMAL,one_prefill_phase_then_decode,22.425823211669922,10333.982250213623,10356.408073425293,,,20.22305724112255,20.21392059326172,20.326047897338867,20.480384254455565,49.44850761568094,49.43799011877488,,[22.425823211669922],[10333.982250213623],,,,,0,0,30,20,True,,1.0,1.0,,/data/home/hliu148/mirage/results/qwen3_sglang_decode_only_54_warmup1_repeat1_20260926_082427/b1_in16_out512/summary.json
1,16,512,16,511,1,1,1024,1,8,False,0.140625,93.3447265625,correctness_failed,Batch match fraction: 0.633; passing-request fraction: 0.000; both require 0.667; invalid token IDs: 0; incomplete requests: 0,Qwen/Qwen3-8B,identical,373683306970cf5dc9b931a3baaa87503d8c70b35642a3553ef6519f5f5b13f5,416d459b6eb5f0558f5dc038bd4602d367adec52,NVIDIA H100 NVL,590.48.01,2.6.0+cu124,12.4,4.57.1,0.7.0,decode-only,NORMAL,MPK,one_prefill_phase_then_decode,24.149791717529297,3301.032958984375,3325.1827507019043,,,6.459947082161204,,,,154.80002967229348,153.97649945463095,,[24.149791717529297],[3301.032958984375],,19,0.6333333333333333,0.0,0,0,30,20,True,[[19]],3.13052986099026,3.114538011854893,,/data/home/hliu148/mirage/results/qwen3_sglang_decode_only_54_warmup1_repeat1_20260926_082427/b1_in16_out512/summary.json
1,128,16,128,15,1,1,256,1,8,False,0.03515625,93.3447265625,completed,,Qwen/Qwen3-8B,identical,02cef3ca92c9c0d5fafbdd22944d875fe61d79cf54cc6ae06a563b5ac8707f92,416d459b6eb5f0558f5dc038bd4602d367adec52,NVIDIA H100 NVL,590.48.01,2.6.0+cu124,12.4,4.57.1,0.7.0,normal,NORMAL,NORMAL,one_prefill_phase_then_decode,23.227231979370117,310.31737518310547,333.5446071624756,,,20.687825012207032,20.687328338623047,20.809376525878907,20.971197090148927,48.33760916915825,47.9695958394138,,[23.227231979370117],[310.31737518310547],,,,,0,0,16,11,True,,1.0,1.0,,/data/home/hliu148/mirage/results/qwen3_sglang_decode_only_54_warmup1_repeat1_20260926_082427/b1_in128_out16/summary.json
1,128,16,128,15,1,1,256,1,8,False,0.03515625,93.3447265625,completed,,Qwen/Qwen3-8B,identical,02cef3ca92c9c0d5fafbdd22944d875fe61d79cf54cc6ae06a563b5ac8707f92,416d459b6eb5f0558f5dc038bd4602d367adec52,NVIDIA H100 NVL,590.48.01,2.6.0+cu124,12.4,4.57.1,0.7.0,decode-only,NORMAL,MPK,one_prefill_phase_then_decode,24.059551239013672,94.9900131225586,119.04956436157227,,,6.332667541503906,,,,157.9113372754945,134.3978038542458,,[24.059551239013672],[94.9900131225586],,16,1.0,1.0,0,0,16,11,True,[[16]],3.266842112999036,2.8017289181289913,,/data/home/hliu148/mirage/results/qwen3_sglang_decode_only_54_warmup1_repeat1_20260926_082427/b1_in128_out16/summary.json
1,128,128,128,127,1,1,256,1,8,False,0.03515625,93.3447265625,completed,,Qwen/Qwen3-8B,identical,02cef3ca92c9c0d5fafbdd22944d875fe61d79cf54cc6ae06a563b5ac8707f92,416d459b6eb5f0558f5dc038bd4602d367adec52,NVIDIA H100 NVL,590.48.01,2.6.0+cu124,12.4,4.57.1,0.7.0,normal,NORMAL,NORMAL,one_prefill_phase_then_decode,22.758047103881836,2559.2378578186035,2581.9959049224854,,,20.151479195422073,20.13385581970215,20.235725021362306,20.77258289337158,49.6241486941155,49.5740522887633,,[22.758047103881836],[2559.2378578186035],,,,,0,0,30,20,True,,1.0,1.0,,/data/home/hliu148/mirage/results/qwen3_sglang_decode_only_54_warmup1_repeat1_20260926_082427/b1_in128_out128/summary.json
1,128,128,128,127,1,1,256,1,8,False,0.03515625,93.3447265625,completed,,Qwen/Qwen3-8B,identical,02cef3ca92c9c0d5fafbdd22944d875fe61d79cf54cc6ae06a563b5ac8707f92,416d459b6eb5f0558f5dc038bd4602d367adec52,NVIDIA H100 NVL,590.48.01,2.6.0+cu124,12.4,4.57.1,0.7.0,decode-only,NORMAL,MPK,one_prefill_phase_then_decode,24.158111572265625,811.32666015625,835.4847717285156,,,6.38839889886811,,,,156.53374434354419,153.20446803019962,,[24.158111572265625],[811.32666015625],,30,1.0,1.0,0,0,30,20,True,[[30]],3.1543864925204486,3.090416477107838,,/data/home/hliu148/mirage/results/qwen3_sglang_decode_only_54_warmup1_repeat1_20260926_082427/b1_in128_out128/summary.json
1,128,512,128,511,1,1,1024,1,8,False,0.140625,93.3447265625,completed,,Qwen/Qwen3-8B,identical,02cef3ca92c9c0d5fafbdd22944d875fe61d79cf54cc6ae06a563b5ac8707f92,416d459b6eb5f0558f5dc038bd4602d367adec52,NVIDIA H100 NVL,590.48.01,2.6.0+cu124,12.4,4.57.1,0.7.0,normal,NORMAL,NORMAL,one_prefill_phase_then_decode,22.639488220214844,10257.283031463623,10279.922519683838,,,20.0729609226294,20.067808151245117,20.173248291015625,20.357692909240722,49.818260686824864,49.805822857091606,,[22.639488220214844],[10257.283031463623],,,,,0,0,30,20,True,,1.0,1.0,,/data/home/hliu148/mirage/results/qwen3_sglang_decode_only_54_warmup1_repeat1_20260926_082427/b1_in128_out512/summary.json
1,128,512,128,511,1,1,1024,1,8,False,0.140625,93.3447265625,completed,,Qwen/Qwen3-8B,identical,02cef3ca92c9c0d5fafbdd22944d875fe61d79cf54cc6ae06a563b5ac8707f92,416d459b6eb5f0558f5dc038bd4602d367adec52,NVIDIA H100 NVL,590.48.01,2.6.0+cu124,12.4,4.57.1,0.7.0,decode-only,NORMAL,MPK,one_prefill_phase_then_decode,24.687040328979492,3346.9033203125,3371.5903606414795,,,6.549712955601761,,,,152.67844664012821,151.85711941073018,,[24.687040328979492],[3346.9033203125],,30,1.0,1.0,0,0,30,20,True,[[30]],3.0647084931350514,3.0489832453216463,,/data/home/hliu148/mirage/results/qwen3_sglang_decode_only_54_warmup1_repeat1_20260926_082427/b1_in128_out512/summary.json
1,512,16,512,15,1,1,1024,1,8,False,0.140625,93.3447265625,completed,,Qwen/Qwen3-8B,identical,fd7b0c4a251c733bddd6c5be6a68d6974370e3cf6ec6c95734e6cf5c438623d6,416d459b6eb5f0558f5dc038bd4602d367adec52,NVIDIA H100 NVL,590.48.01,2.6.0+cu124,12.4,4.57.1,0.7.0,normal,NORMAL,NORMAL,one_prefill_phase_then_decode,35.4153938293457,299.80297660827637,335.21837043762207,,,19.986865107218424,19.970367431640625,20.11669158935547,20.235574645996095,50.032858811802434,47.73008107852879,,[35.4153938293457],[299.80297660827637],,,,,0,0,16,11,True,,1.0,1.0,,/data/home/hliu148/mirage/results/qwen3_sglang_decode_only_54_warmup1_repeat1_20260926_082427/b1_in512_out16/summary.json
1,512,16,512,15,1,1,1024,1,8,False,0.140625,93.3447265625,completed,,Qwen/Qwen3-8B,identical,fd7b0c4a251c733bddd6c5be6a68d6974370e3cf6ec6c95734e6cf5c438623d6,416d459b6eb5f0558f5dc038bd4602d367adec52,NVIDIA H100 NVL,590.48.01,2.6.0+cu124,12.4,4.57.1,0.7.0,decode-only,NORMAL,MPK,one_prefill_phase_then_decode,35.61171340942383,101.52473449707031,137.13644790649414,,,6.7683156331380205,,,,147.74724676017598,116.67211922325366,,[35.61171340942383],[101.52473449707031],,16,1.0,1.0,0,0,16,11,True,[[16]],2.953004290958552,2.4444148550951907,,/data/home/hliu148/mirage/results/qwen3_sglang_decode_only_54_warmup1_repeat1_20260926_082427/b1_in512_out16/summary.json
1,512,128,512,127,1,1,1024,1,8,False,0.140625,93.3447265625,completed,,Qwen/Qwen3-8B,identical,fd7b0c4a251c733bddd6c5be6a68d6974370e3cf6ec6c95734e6cf5c438623d6,416d459b6eb5f0558f5dc038bd4602d367adec52,NVIDIA H100 NVL,590.48.01,2.6.0+cu124,12.4,4.57.1,0.7.0,normal,NORMAL,NORMAL,one_prefill_phase_then_decode,35.26063919067383,2564.2396240234375,2599.5002632141113,,,20.19086318128691,20.17478370666504,20.2669376373291,20.742619018554684,49.52735259613912,49.24023352155249,,[35.26063919067383],[2564.2396240234375],,,,,0,0,30,20,True,,1.0,1.0,,/data/home/hliu148/mirage/results/qwen3_sglang_decode_only_54_warmup1_repeat1_20260926_082427/b1_in512_out128/summary.json
1,512,128,512,127,1,1,1024,1,8,False,0.140625,93.3447265625,completed,,Qwen/Qwen3-8B,identical,fd7b0c4a251c733bddd6c5be6a68d6974370e3cf6ec6c95734e6cf5c438623d6,416d459b6eb5f0558f5dc038bd4602d367adec52,NVIDIA H100 NVL,590.48.01,2.6.0+cu124,12.4,4.57.1,0.7.0,decode-only,NORMAL,MPK,one_prefill_phase_then_decode,35.822689056396484,859.3370361328125,895.159725189209,,,6.766433355376476,,,,147.7883468999838,142.9912410022075,,[35.822689056396484],[859.3370361328125],,30,1.0,1.0,0,0,30,20,True,[[30]],2.98397429204614,2.9039513173636777,,/data/home/hliu148/mirage/results/qwen3_sglang_decode_only_54_warmup1_repeat1_20260926_082427/b1_in512_out128/summary.json
1,512,512,512,511,1,1,1024,1,8,False,0.140625,93.3447265625,completed,,Qwen/Qwen3-8B,identical,fd7b0c4a251c733bddd6c5be6a68d6974370e3cf6ec6c95734e6cf5c438623d6,416d459b6eb5f0558f5dc038bd4602d367adec52,NVIDIA H100 NVL,590.48.01,2.6.0+cu124,12.4,4.57.1,0.7.0,normal,NORMAL,NORMAL,one_prefill_phase_then_decode,35.31689453125,10251.284049987793,10286.600944519043,,,20.061221232852823,20.05254364013672,20.158496856689453,20.312746047973633,49.847413993041044,49.773487156883085,,[35.31689453125],[10251.284049987793],,,,,0,0,30,20,True,,1.0,1.0,,/data/home/hliu148/mirage/results/qwen3_sglang_decode_only_54_warmup1_repeat1_20260926_082427/b1_in512_out512/summary.json
1,512,512,512,511,1,1,1024,1,8,False,0.140625,93.3447265625,completed,,Qwen/Qwen3-8B,identical,fd7b0c4a251c733bddd6c5be6a68d6974370e3cf6ec6c95734e6cf5c438623d6,416d459b6eb5f0558f5dc038bd4602d367adec52,NVIDIA H100 NVL,590.48.01,2.6.0+cu124,12.4,4.57.1,0.7.0,decode-only,NORMAL,MPK,one_prefill_phase_then_decode,36.09910583496094,3553.984375,3590.083480834961,,,6.954959637964775,,,,143.78228660614187,142.61506807104163,,[36.09910583496094],[3553.984375],,30,1.0,1.0,0,0,30,20,True,[[30]],2.8844482609712636,2.8652818240668445,,/data/home/hliu148/mirage/results/qwen3_sglang_decode_only_54_warmup1_repeat1_20260926_082427/b1_in512_out512/summary.json
4,16,16,16,15,1,1,64,4,8,False,0.03515625,93.3447265625,completed,,Qwen/Qwen3-8B,identical,ae7ce748147b78a02c87dfa1b9bce019c6aed5fb531c0bc2e8f8815cc8dfceb6,416d459b6eb5f0558f5dc038bd4602d367adec52,NVIDIA H100 NVL,590.48.01,2.6.0+cu124,12.4,4.57.1,0.7.0,normal,NORMAL,NORMAL,one_prefill_phase_then_decode,15.535648345947266,239.22940635681152,254.7650547027588,,,15.948627090454101,15.928863525390625,16.123155212402345,16.167629051208497,250.80528733373933,251.2118472239865,,[15.535648345947266],[239.22940635681152],,,,,0,0,16,11,True,,1.0,1.0,,/data/home/hliu148/mirage/results/qwen3_sglang_decode_only_54_warmup1_repeat1_20260926_082427/b4_in16_out16/summary.json
4,16,16,16,15,1,1,64,4,8,False,0.03515625,93.3447265625,completed,,Qwen/Qwen3-8B,identical,ae7ce748147b78a02c87dfa1b9bce019c6aed5fb531c0bc2e8f8815cc8dfceb6,416d459b6eb5f0558f5dc038bd4602d367adec52,NVIDIA H100 NVL,590.48.01,2.6.0+cu124,12.4,4.57.1,0.7.0,decode-only,NORMAL,MPK,one_prefill_phase_then_decode,15.910752296447754,94.00358581542969,109.91433811187744,,,6.266905721028646,,,,638.273524137753,582.2716226053869,,[15.910752296447754],[94.00358581542969],,16,1.0,1.0,0,0,16,11,True,"[[16, 16, 16, 16]]",2.5448966045457446,2.3178509653894612,,/data/home/hliu148/mirage/results/qwen3_sglang_decode_only_54_warmup1_repeat1_20260926_082427/b4_in16_out16/summary.json
4,16,128,16,127,1,1,256,4,8,False,0.140625,93.3447265625,completed,,Qwen/Qwen3-8B,identical,ae7ce748147b78a02c87dfa1b9bce019c6aed5fb531c0bc2e8f8815cc8dfceb6,416d459b6eb5f0558f5dc038bd4602d367adec52,NVIDIA H100 NVL,590.48.01,2.6.0+cu124,12.4,4.57.1,0.7.0,normal,NORMAL,NORMAL,one_prefill_phase_then_decode,15.33414363861084,2009.3331804275513,2024.667324066162,,,15.82152110572875,15.794783592224121,15.972044944763184,16.196588401794433,252.82019176725404,252.88105058748351,,[15.33414363861084],[2009.3331804275513],,,,,0,0,30,20,True,,1.0,1.0,,/data/home/hliu148/mirage/results/qwen3_sglang_decode_only_54_warmup1_repeat1_20260926_082427/b4_in16_out128/summary.json
4,16,128,16,127,1,1,256,4,8,False,0.140625,93.3447265625,correctness_failed,Batch match fraction: 0.633; passing-request fraction: 0.000; both require 0.667; invalid token IDs: 0; incomplete requests: 0,Qwen/Qwen3-8B,identical,ae7ce748147b78a02c87dfa1b9bce019c6aed5fb531c0bc2e8f8815cc8dfceb6,416d459b6eb5f0558f5dc038bd4602d367adec52,NVIDIA H100 NVL,590.48.01,2.6.0+cu124,12.4,4.57.1,0.7.0,decode-only,NORMAL,MPK,one_prefill_phase_then_decode,15.912832260131836,798.724609375,814.6374416351318,,,6.2891701525590555,,,,636.0139577989323,628.5004516516193,,[15.912832260131836],[798.724609375],,19,0.6333333333333333,0.0,0,0,30,20,True,"[[19, 19, 19, 19]]",2.5156770642134707,2.4853600148825357,,/data/home/hliu148/mirage/results/qwen3_sglang_decode_only_54_warmup1_repeat1_20260926_082427/b4_in16_out128/summary.json
4,16,512,16,511,1,1,1024,4,8,False,0.5625,93.3447265625,completed,,Qwen/Qwen3-8B,identical,ae7ce748147b78a02c87dfa1b9bce019c6aed5fb531c0bc2e8f8815cc8dfceb6,416d459b6eb5f0558f5dc038bd4602d367adec52,NVIDIA H100 NVL,590.48.01,2.6.0+cu124,12.4,4.57.1,0.7.0,normal,NORMAL,NORMAL,one_prefill_phase_then_decode,15.144096374511719,8069.814565658569,8084.958662033081,,,15.7922007155745,15.797760009765625,15.898719787597656,16.05137023925781,253.28958718559988,253.30989131922172,,[15.144096374511719],[8069.814565658569],,,,,0,0,30,20,True,,1.0,1.0,,/data/home/hliu148/mirage/results/qwen3_sglang_decode_only_54_warmup1_repeat1_20260926_082427/b4_in16_out512/summary.json
4,16,512,16,511,1,1,1024,4,8,False,0.5625,93.3447265625,correctness_failed,Batch match fraction: 0.633; passing-request fraction: 0.000; both require 0.667; invalid token IDs: 0; incomplete requests: 0,Qwen/Qwen3-8B,identical,ae7ce748147b78a02c87dfa1b9bce019c6aed5fb531c0bc2e8f8815cc8dfceb6,416d459b6eb5f0558f5dc038bd4602d367adec52,NVIDIA H100 NVL,590.48.01,2.6.0+cu124,12.4,4.57.1,0.7.0,decode-only,NORMAL,MPK,one_prefill_phase_then_decode,16.663679122924805,3303.367431640625,3320.03111076355,,,6.464515521801615,,,,618.7625331720494,616.8616894463363,,[16.663679122924805],[3303.367431640625],,19,0.6333333333333333,0.0,0,0,30,20,True,"[[19, 19, 19, 19]]",2.4429055297825824,2.435205693049569,,/data/home/hliu148/mirage/results/qwen3_sglang_decode_only_54_warmup1_repeat1_20260926_082427/b4_in16_out512/summary.json
4,128,16,128,15,1,1,256,4,8,False,0.140625,93.3447265625,completed,,Qwen/Qwen3-8B,identical,caf9adc6e4e546ece8fe3c63704936095d49bde8b3d99e9a993b1f0dc5c22c7e,416d459b6eb5f0558f5dc038bd4602d367adec52,NVIDIA H100 NVL,590.48.01,2.6.0+cu124,12.4,4.57.1,0.7.0,normal,NORMAL,NORMAL,one_prefill_phase_then_decode,23.557952880859375,243.5488338470459,267.1067867279053,,,16.23658892313639,16.23404884338379,16.407078170776366,16.485538520812987,246.3571639915194,239.6045446243009,,[23.557952880859375],[243.5488338470459],,,,,0,0,16,11,True,,1.0,1.0,,/data/home/hliu148/mirage/results/qwen3_sglang_decode_only_54_warmup1_repeat1_20260926_082427/b4_in128_out16/summary.json
4,128,16,128,15,1,1,256,4,8,False,0.140625,93.3447265625,completed,,Qwen/Qwen3-8B,identical,caf9adc6e4e546ece8fe3c63704936095d49bde8b3d99e9a993b1f0dc5c22c7e,416d459b6eb5f0558f5dc038bd4602d367adec52,NVIDIA H100 NVL,590.48.01,2.6.0+cu124,12.4,4.57.1,0.7.0,decode-only,NORMAL,MPK,one_prefill_phase_then_decode,24.1329288482666,97.1805419921875,121.3134708404541,,,6.478702799479167,,,,617.4075465109414,527.5588898463704,,[24.1329288482666],[97.1805419921875],,16,1.0,1.0,0,0,16,11,True,"[[16, 16, 16, 16]]",2.5061481326850923,2.2017899980719524,,/data/home/hliu148/mirage/results/qwen3_sglang_decode_only_54_warmup1_repeat1_20260926_082427/b4_in128_out16/summary.json
4,128,128,128,127,1,1,256,4,8,False,0.140625,93.3447265625,completed,,Qwen/Qwen3-8B,identical,caf9adc6e4e546ece8fe3c63704936095d49bde8b3d99e9a993b1f0dc5c22c7e,416d459b6eb5f0558f5dc038bd4602d367adec52,NVIDIA H100 NVL,590.48.01,2.6.0+cu124,12.4,4.57.1,0.7.0,normal,NORMAL,NORMAL,one_prefill_phase_then_decode,23.69887924194336,2020.2869815826416,2043.985860824585,,,15.907771508524737,15.904064178466797,16.022528457641602,16.181544456481934,251.44942507229626,250.49096953804215,,[23.69887924194336],[2020.2869815826416],,,,,0,0,30,20,True,,1.0,1.0,,/data/home/hliu148/mirage/results/qwen3_sglang_decode_only_54_warmup1_repeat1_20260926_082427/b4_in128_out128/summary.json
4,128,128,128,127,1,1,256,4,8,False,0.140625,93.3447265625,completed,,Qwen/Qwen3-8B,identical,caf9adc6e4e546ece8fe3c63704936095d49bde8b3d99e9a993b1f0dc5c22c7e,416d459b6eb5f0558f5dc038bd4602d367adec52,NVIDIA H100 NVL,590.48.01,2.6.0+cu124,12.4,4.57.1,0.7.0,decode-only,NORMAL,MPK,one_prefill_phase_then_decode,24.157472610473633,812.4647827148438,836.6222553253174,,,6.397360493817668,,,,625.2578706273551,611.9846761677536,,[24.157472610473633],[812.4647827148438],,27,0.9,1.0,0,0,30,20,True,"[[27, 27, 27, 27]]",2.4866148349616717,2.4431406740785166,,/data/home/hliu148/mirage/results/qwen3_sglang_decode_only_54_warmup1_repeat1_20260926_082427/b4_in128_out128/summary.json
4,128,512,128,511,1,1,1024,4,8,False,0.5625,93.3447265625,completed,,Qwen/Qwen3-8B,identical,caf9adc6e4e546ece8fe3c63704936095d49bde8b3d99e9a993b1f0dc5c22c7e,416d459b6eb5f0558f5dc038bd4602d367adec52,NVIDIA H100 NVL,590.48.01,2.6.0+cu124,12.4,4.57.1,0.7.0,normal,NORMAL,NORMAL,one_prefill_phase_then_decode,23.721023559570312,8231.883577346802,8255.604600906372,,,16.10936120811507,16.10406494140625,16.215456008911133,16.320085525512695,248.30283139874004,248.0738963412992,,[23.721023559570312],[8231.883577346802],,,,,0,0,30,20,True,,1.0,1.0,,/data/home/hliu148/mirage/results/qwen3_sglang_decode_only_54_warmup1_repeat1_20260926_082427/b4_in128_out512/summary.json
4,128,512,128,511,1,1,1024,4,8,False,0.5625,93.3447265625,completed,,Qwen/Qwen3-8B,identical,caf9adc6e4e546ece8fe3c63704936095d49bde8b3d99e9a993b1f0dc5c22c7e,416d459b6eb5f0558f5dc038bd4602d367adec52,NVIDIA H100 NVL,590.48.01,2.6.0+cu124,12.4,4.57.1,0.7.0,decode-only,NORMAL,MPK,one_prefill_phase_then_decode,24.44144058227539,3359.6796875,3384.1211280822754,,,6.57471563111546,,,,608.3913319489627,605.1792836270513,,[24.44144058227539],[3359.6796875],,27,0.9,1.0,0,0,30,20,True,"[[27, 27, 27, 27]]",2.4501989305630203,2.4395121475999546,,/data/home/hliu148/mirage/results/qwen3_sglang_decode_only_54_warmup1_repeat1_20260926_082427/b4_in128_out512/summary.json
4,512,16,512,15,1,1,1024,4,8,False,0.5625,93.3447265625,completed,,Qwen/Qwen3-8B,identical,42b2c017593dfafd2aff3217eb35ee74ed8843ec99c275ef14222c1a42a0c519,416d459b6eb5f0558f5dc038bd4602d367adec52,NVIDIA H100 NVL,590.48.01,2.6.0+cu124,12.4,4.57.1,0.7.0,normal,NORMAL,NORMAL,one_prefill_phase_then_decode,77.13692474365234,245.15072441101074,322.2876491546631,,,16.343381627400717,16.33616065979004,16.464966583251954,16.672257270812988,244.7473901786486,198.58036809001933,,[77.13692474365234],[245.15072441101074],,,,,0,0,16,11,True,,1.0,1.0,,/data/home/hliu148/mirage/results/qwen3_sglang_decode_only_54_warmup1_repeat1_20260926_082427/b4_in512_out16/summary.json
4,512,16,512,15,1,1,1024,4,8,False,0.5625,93.3447265625,completed,,Qwen/Qwen3-8B,identical,42b2c017593dfafd2aff3217eb35ee74ed8843ec99c275ef14222c1a42a0c519,416d459b6eb5f0558f5dc038bd4602d367adec52,NVIDIA H100 NVL,590.48.01,2.6.0+cu124,12.4,4.57.1,0.7.0,decode-only,NORMAL,MPK,one_prefill_phase_then_decode,80.17533111572266,107.8887710571289,188.06410217285156,,,7.192584737141927,,,,556.1283107787834,340.3094969244953,,[80.17533111572266],[107.8887710571289],,16,1.0,1.0,0,0,16,11,True,"[[16, 16, 16, 16]]",2.272254304214841,1.7137116835750257,,/data/home/hliu148/mirage/results/qwen3_sglang_decode_only_54_warmup1_repeat1_20260926_082427/b4_in512_out16/summary.json
4,512,128,512,127,1,1,1024,4,8,False,0.5625,93.3447265625,completed,,Qwen/Qwen3-8B,identical,42b2c017593dfafd2aff3217eb35ee74ed8843ec99c275ef14222c1a42a0c519,416d459b6eb5f0558f5dc038bd4602d367adec52,NVIDIA H100 NVL,590.48.01,2.6.0+cu124,12.4,4.57.1,0.7.0,normal,NORMAL,NORMAL,one_prefill_phase_then_decode,78.27359771728516,2072.0521335601807,2150.325731277466,,,16.315371130395125,16.295360565185547,16.410291290283205,16.898033294677735,245.16757651611744,238.1034615140986,,[78.27359771728516],[2072.0521335601807],,,,,0,0,30,20,True,,1.0,1.0,,/data/home/hliu148/mirage/results/qwen3_sglang_decode_only_54_warmup1_repeat1_20260926_082427/b4_in512_out128/summary.json
4,512,128,512,127,1,1,1024,4,8,False,0.5625,93.3447265625,completed,,Qwen/Qwen3-8B,identical,42b2c017593dfafd2aff3217eb35ee74ed8843ec99c275ef14222c1a42a0c519,416d459b6eb5f0558f5dc038bd4602d367adec52,NVIDIA H100 NVL,590.48.01,2.6.0+cu124,12.4,4.57.1,0.7.0,decode-only,NORMAL,MPK,one_prefill_phase_then_decode,79.79216003417969,867.6746215820312,947.4667816162109,,,6.832083634504183,,,,585.4729265606081,540.3883386039333,,[79.79216003417969],[867.6746215820312],,30,1.0,1.0,0,0,30,20,True,"[[30, 30, 30, 30]]",2.3880520209087224,2.2695526355123397,,/data/home/hliu148/mirage/results/qwen3_sglang_decode_only_54_warmup1_repeat1_20260926_082427/b4_in512_out128/summary.json
4,512,512,512,511,1,1,1024,4,8,False,0.5625,93.3447265625,completed,,Qwen/Qwen3-8B,identical,42b2c017593dfafd2aff3217eb35ee74ed8843ec99c275ef14222c1a42a0c519,416d459b6eb5f0558f5dc038bd4602d367adec52,NVIDIA H100 NVL,590.48.01,2.6.0+cu124,12.4,4.57.1,0.7.0,normal,NORMAL,NORMAL,one_prefill_phase_then_decode,79.18141174316406,8169.046817779541,8248.228229522705,,,15.986392989783837,15.981023788452148,16.107839584350586,16.236090469360352,250.21279049978406,248.29574825168365,,[79.18141174316406],[8169.046817779541],,,,,0,0,30,20,True,,1.0,1.0,,/data/home/hliu148/mirage/results/qwen3_sglang_decode_only_54_warmup1_repeat1_20260926_082427/b4_in512_out512/summary.json
4,512,512,512,511,1,1,1024,4,8,False,0.5625,93.3447265625,completed,,Qwen/Qwen3-8B,identical,42b2c017593dfafd2aff3217eb35ee74ed8843ec99c275ef14222c1a42a0c519,416d459b6eb5f0558f5dc038bd4602d367adec52,NVIDIA H100 NVL,590.48.01,2.6.0+cu124,12.4,4.57.1,0.7.0,decode-only,NORMAL,MPK,one_prefill_phase_then_decode,79.9402847290039,3574.0927734375,3654.033058166504,,,6.9943107112279845,,,,571.8933809415687,560.4765932324739,,[79.9402847290039],[3574.0927734375],,30,1.0,1.0,0,0,30,20,True,"[[30, 30, 30, 30]]",2.285628083997018,2.257294364397854,,/data/home/hliu148/mirage/results/qwen3_sglang_decode_only_54_warmup1_repeat1_20260926_082427/b4_in512_out512/summary.json
8,16,16,16,15,1,1,64,8,8,False,0.0703125,93.3447265625,completed,,Qwen/Qwen3-8B,identical,70b99e88695c1b9b08b9602d8e39622bf43b6faeedae88004139422bcc86b064,416d459b6eb5f0558f5dc038bd4602d367adec52,NVIDIA H100 NVL,590.48.01,2.6.0+cu124,12.4,4.57.1,0.7.0,normal,NORMAL,NORMAL,one_prefill_phase_then_decode,15.303999900817871,238.999680519104,254.30368041992188,,,15.933312034606933,15.959199905395508,16.047437286376955,16.074809646606447,502.092721376705,503.33522420374936,,[15.303999900817871],[238.999680519104],,,,,0,0,16,11,True,,1.0,1.0,,/data/home/hliu148/mirage/results/qwen3_sglang_decode_only_54_warmup1_repeat1_20260926_082427/b8_in16_out16/summary.json
8,16,16,16,15,1,1,64,8,8,False,0.0703125,93.3447265625,completed,,Qwen/Qwen3-8B,identical,70b99e88695c1b9b08b9602d8e39622bf43b6faeedae88004139422bcc86b064,416d459b6eb5f0558f5dc038bd4602d367adec52,NVIDIA H100 NVL,590.48.01,2.6.0+cu124,12.4,4.57.1,0.7.0,decode-only,NORMAL,MPK,one_prefill_phase_then_decode,15.801152229309082,94.07843017578125,109.87958240509033,,,6.271895345052084,,,,1275.5314876724185,1164.9115986635768,,[15.801152229309082],[94.07843017578125],,16,1.0,1.0,0,0,16,11,True,"[[16, 16, 16, 16, 16, 16, 16, 16]]",2.5404301503813786,2.3143852101875195,,/data/home/hliu148/mirage/results/qwen3_sglang_decode_only_54_warmup1_repeat1_20260926_082427/b8_in16_out16/summary.json
8,16,128,16,127,1,1,256,8,8,False,0.28125,93.3447265625,completed,,Qwen/Qwen3-8B,identical,70b99e88695c1b9b08b9602d8e39622bf43b6faeedae88004139422bcc86b064,416d459b6eb5f0558f5dc038bd4602d367adec52,NVIDIA H100 NVL,590.48.01,2.6.0+cu124,12.4,4.57.1,0.7.0,normal,NORMAL,NORMAL,one_prefill_phase_then_decode,15.485055923461914,2022.3931484222412,2037.8782043457031,,,15.924355499387726,15.900416374206543,16.062482833862305,16.1883842086792,502.375119690564,502.4834152582604,,[15.485055923461914],[2022.3931484222412],,,,,0,0,30,20,True,,1.0,1.0,,/data/home/hliu148/mirage/results/qwen3_sglang_decode_only_54_warmup1_repeat1_20260926_082427/b8_in16_out128/summary.json
8,16,128,16,127,1,1,256,8,8,False,0.28125,93.3447265625,correctness_failed,Batch match fraction: 0.633; passing-request fraction: 0.000; both require 0.667; invalid token IDs: 0; incomplete requests: 0,Qwen/Qwen3-8B,identical,70b99e88695c1b9b08b9602d8e39622bf43b6faeedae88004139422bcc86b064,416d459b6eb5f0558f5dc038bd4602d367adec52,NVIDIA H100 NVL,590.48.01,2.6.0+cu124,12.4,4.57.1,0.7.0,decode-only,NORMAL,MPK,one_prefill_phase_then_decode,16.015968322753906,803.942626953125,819.9585952758789,,,6.330256905142717,,,,1263.7717741756705,1248.843546368912,,[16.015968322753906],[803.942626953125],,19,0.6333333333333333,0.0,0,0,30,20,True,"[[19, 19, 19, 19, 19, 19, 19, 19]]",2.5155938752581655,2.485342816194334,,/data/home/hliu148/mirage/results/qwen3_sglang_decode_only_54_warmup1_repeat1_20260926_082427/b8_in16_out128/summary.json
8,16,512,16,511,1,1,1024,8,8,False,1.125,93.3447265625,completed,,Qwen/Qwen3-8B,identical,70b99e88695c1b9b08b9602d8e39622bf43b6faeedae88004139422bcc86b064,416d459b6eb5f0558f5dc038bd4602d367adec52,NVIDIA H100 NVL,590.48.01,2.6.0+cu124,12.4,4.57.1,0.7.0,normal,NORMAL,NORMAL,one_prefill_phase_then_decode,15.365471839904785,8131.792607307434,8147.158079147339,,,15.913488468312003,15.934335708618164,16.071264266967773,16.16460247039795,502.7181824984592,502.75199771607686,,[15.365471839904785],[8131.792607307434],,,,,0,0,30,20,True,,1.0,1.0,,/data/home/hliu148/mirage/results/qwen3_sglang_decode_only_54_warmup1_repeat1_20260926_082427/b8_in16_out512/summary.json
8,16,512,16,511,1,1,1024,8,8,False,1.125,93.3447265625,correctness_failed,Batch match fraction: 0.633; passing-request fraction: 0.000; both require 0.667; invalid token IDs: 0; incomplete requests: 0,Qwen/Qwen3-8B,identical,70b99e88695c1b9b08b9602d8e39622bf43b6faeedae88004139422bcc86b064,416d459b6eb5f0558f5dc038bd4602d367adec52,NVIDIA H100 NVL,590.48.01,2.6.0+cu124,12.4,4.57.1,0.7.0,decode-only,NORMAL,MPK,one_prefill_phase_then_decode,16.512863159179688,3323.248779296875,3339.7616424560547,,,6.50342226868273,,,,1230.121568227862,1226.4348293394403,,[16.512863159179688],[3323.248779296875],,19,0.6333333333333333,0.0,0,0,30,20,True,"[[19, 19, 19, 19, 19, 19, 19, 19]]",2.446940673826995,2.439442975683718,,/data/home/hliu148/mirage/results/qwen3_sglang_decode_only_54_warmup1_repeat1_20260926_082427/b8_in16_out512/summary.json
8,128,16,128,15,1,1,256,8,8,False,0.28125,93.3447265625,completed,,Qwen/Qwen3-8B,identical,104945a9e49140f8a4544a6003d93fd5824b05157916d746cf9ed6eac6d70067,416d459b6eb5f0558f5dc038bd4602d367adec52,NVIDIA H100 NVL,590.48.01,2.6.0+cu124,12.4,4.57.1,0.7.0,normal,NORMAL,NORMAL,one_prefill_phase_then_decode,39.447391510009766,240.27216053009033,279.7195520401001,,,16.018144035339354,16.002304077148438,16.07195587158203,16.312060928344728,499.4336411478344,457.6011904296563,,[39.447391510009766],[240.27216053009033],,,,,0,0,16,11,True,,1.0,1.0,,/data/home/hliu148/mirage/results/qwen3_sglang_decode_only_54_warmup1_repeat1_20260926_082427/b8_in128_out16/summary.json
8,128,16,128,15,1,1,256,8,8,False,0.28125,93.3447265625,completed,,Qwen/Qwen3-8B,identical,104945a9e49140f8a4544a6003d93fd5824b05157916d746cf9ed6eac6d70067,416d459b6eb5f0558f5dc038bd4602d367adec52,NVIDIA H100 NVL,590.48.01,2.6.0+cu124,12.4,4.57.1,0.7.0,decode-only,NORMAL,MPK,one_prefill_phase_then_decode,40.41062545776367,98.10880279541016,138.51942825317383,,,6.540586853027344,,,,1223.1318350733557,924.058102276113,,[40.41062545776367],[98.10880279541016],,16,1.0,1.0,0,0,16,11,True,"[[16, 16, 16, 16, 16, 16, 16, 16]]",2.4490377385517443,2.019352487716401,,/data/home/hliu148/mirage/results/qwen3_sglang_decode_only_54_warmup1_repeat1_20260926_082427/b8_in128_out16/summary.json
8,128,128,128,127,1,1,256,8,8,False,0.28125,93.3447265625,completed,,Qwen/Qwen3-8B,identical,104945a9e49140f8a4544a6003d93fd5824b05157916d746cf9ed6eac6d70067,416d459b6eb5f0558f5dc038bd4602d367adec52,NVIDIA H100 NVL,590.48.01,2.6.0+cu124,12.4,4.57.1,0.7.0,normal,NORMAL,NORMAL,one_prefill_phase_then_decode,39.457889556884766,2031.000521659851,2070.458411216736,,,15.992130091809852,15.982720375061035,16.066349029541016,16.499078559875485,500.2460556581571,494.5764640586193,,[39.457889556884766],[2031.000521659851],,,,,0,0,30,20,True,,1.0,1.0,,/data/home/hliu148/mirage/results/qwen3_sglang_decode_only_54_warmup1_repeat1_20260926_082427/b8_in128_out128/summary.json
8,128,128,128,127,1,1,256,8,8,False,0.28125,93.3447265625,completed,,Qwen/Qwen3-8B,identical,104945a9e49140f8a4544a6003d93fd5824b05157916d746cf9ed6eac6d70067,416d459b6eb5f0558f5dc038bd4602d367adec52,NVIDIA H100 NVL,590.48.01,2.6.0+cu124,12.4,4.57.1,0.7.0,decode-only,NORMAL,MPK,one_prefill_phase_then_decode,40.01001739501953,820.596923828125,860.6069412231445,,,6.461393101008858,,,,1238.1230912496114,1189.8579374047713,,[40.01001739501953],[820.596923828125],,27,0.9,1.0,0,0,30,20,True,"[[27, 27, 27, 27, 27, 27, 27, 27]]",2.475028193117193,2.405811889309282,,/data/home/hliu148/mirage/results/qwen3_sglang_decode_only_54_warmup1_repeat1_20260926_082427/b8_in128_out128/summary.json
8,128,512,128,511,1,1,1024,8,8,False,1.125,93.3447265625,completed,,Qwen/Qwen3-8B,identical,104945a9e49140f8a4544a6003d93fd5824b05157916d746cf9ed6eac6d70067,416d459b6eb5f0558f5dc038bd4602d367adec52,NVIDIA H100 NVL,590.48.01,2.6.0+cu124,12.4,4.57.1,0.7.0,normal,NORMAL,NORMAL,one_prefill_phase_then_decode,39.39820861816406,8113.927013397217,8153.325222015381,,,15.878526445004338,15.880767822265625,15.986111640930176,16.093747329711913,503.8250890413663,502.3717180985367,,[39.39820861816406],[8113.927013397217],,,,,0,0,30,20,True,,1.0,1.0,,/data/home/hliu148/mirage/results/qwen3_sglang_decode_only_54_warmup1_repeat1_20260926_082427/b8_in128_out512/summary.json
8,128,512,128,511,1,1,1024,8,8,False,1.125,93.3447265625,completed,,Qwen/Qwen3-8B,identical,104945a9e49140f8a4544a6003d93fd5824b05157916d746cf9ed6eac6d70067,416d459b6eb5f0558f5dc038bd4602d367adec52,NVIDIA H100 NVL,590.48.01,2.6.0+cu124,12.4,4.57.1,0.7.0,decode-only,NORMAL,MPK,one_prefill_phase_then_decode,41.1110725402832,3396.006591796875,3437.117664337158,,,6.645805463398973,,,,1203.7668035965094,1191.6961826763372,,[41.1110725402832],[3396.006591796875],,27,0.9,1.0,0,0,30,20,True,"[[27, 27, 27, 27, 27, 27, 27, 27]]",2.3892553780656898,2.3721402693345777,,/data/home/hliu148/mirage/results/qwen3_sglang_decode_only_54_warmup1_repeat1_20260926_082427/b8_in128_out512/summary.json
8,512,16,512,15,1,1,1024,8,8,False,1.125,93.3447265625,completed,,Qwen/Qwen3-8B,identical,a62815b29985b5a2e5531c7be84e9089e899f81e0351e0cabfd3642f4f46a583,416d459b6eb5f0558f5dc038bd4602d367adec52,NVIDIA H100 NVL,590.48.01,2.6.0+cu124,12.4,4.57.1,0.7.0,normal,NORMAL,NORMAL,one_prefill_phase_then_decode,157.37612915039062,246.04044914245605,403.4165782928467,,,16.40269660949707,16.39993667602539,16.596435165405275,16.825588188171388,487.7246827432048,317.2898856602832,,[157.37612915039062],[246.04044914245605],,,,,0,0,16,11,True,,1.0,1.0,,/data/home/hliu148/mirage/results/qwen3_sglang_decode_only_54_warmup1_repeat1_20260926_082427/b8_in512_out16/summary.json
8,512,16,512,15,1,1,1024,8,8,False,1.125,93.3447265625,completed,,Qwen/Qwen3-8B,identical,a62815b29985b5a2e5531c7be84e9089e899f81e0351e0cabfd3642f4f46a583,416d459b6eb5f0558f5dc038bd4602d367adec52,NVIDIA H100 NVL,590.48.01,2.6.0+cu124,12.4,4.57.1,0.7.0,decode-only,NORMAL,MPK,one_prefill_phase_then_decode,155.4567413330078,108.27865600585938,263.7353973388672,,,7.218577067057292,,,,1108.2516575889742,485.3349277023134,,[155.4567413330078],[108.27865600585938],,16,1.0,1.0,0,0,16,11,True,"[[16, 16, 16, 16, 16, 16, 16, 16]]",2.272289463300522,1.5296262176536983,,/data/home/hliu148/mirage/results/qwen3_sglang_decode_only_54_warmup1_repeat1_20260926_082427/b8_in512_out16/summary.json
8,512,128,512,127,1,1,1024,8,8,False,1.125,93.3447265625,completed,,Qwen/Qwen3-8B,identical,a62815b29985b5a2e5531c7be84e9089e899f81e0351e0cabfd3642f4f46a583,416d459b6eb5f0558f5dc038bd4602d367adec52,NVIDIA H100 NVL,590.48.01,2.6.0+cu124,12.4,4.57.1,0.7.0,normal,NORMAL,NORMAL,one_prefill_phase_then_decode,157.5839385986328,2022.032922744751,2179.616861343384,,,15.921519076730323,15.912351608276367,15.98581771850586,16.403990859985353,502.46461794541887,469.80734007024904,,[157.5839385986328],[2022.032922744751],,,,,0,0,30,20,True,,1.0,1.0,,/data/home/hliu148/mirage/results/qwen3_sglang_decode_only_54_warmup1_repeat1_20260926_082427/b8_in512_out128/summary.json
8,512,128,512,127,1,1,1024,8,8,False,1.125,93.3447265625,completed,,Qwen/Qwen3-8B,identical,a62815b29985b5a2e5531c7be84e9089e899f81e0351e0cabfd3642f4f46a583,416d459b6eb5f0558f5dc038bd4602d367adec52,NVIDIA H100 NVL,590.48.01,2.6.0+cu124,12.4,4.57.1,0.7.0,decode-only,NORMAL,MPK,one_prefill_phase_then_decode,155.58656311035156,874.64990234375,1030.2364654541016,,,6.887007105068897,,,,1161.6076298385012,993.9465689060495,,[155.58656311035156],[874.64990234375],,30,1.0,1.0,0,0,30,20,True,"[[30, 30, 30, 30, 30, 30, 30, 30]]",2.311819754768649,2.115647168810575,,/data/home/hliu148/mirage/results/qwen3_sglang_decode_only_54_warmup1_repeat1_20260926_082427/b8_in512_out128/summary.json
8,512,512,512,511,1,1,1024,8,8,False,1.125,93.3447265625,completed,,Qwen/Qwen3-8B,identical,a62815b29985b5a2e5531c7be84e9089e899f81e0351e0cabfd3642f4f46a583,416d459b6eb5f0558f5dc038bd4602d367adec52,NVIDIA H100 NVL,590.48.01,2.6.0+cu124,12.4,4.57.1,0.7.0,normal,NORMAL,NORMAL,one_prefill_phase_then_decode,156.31114196777344,8126.112986564636,8282.42412853241,,,15.902373750615727,15.897855758666992,15.991328239440918,16.112652206420897,503.06954958156774,494.54120393201646,,[156.31114196777344],[8126.112986564636],,,,,0,0,30,20,True,,1.0,1.0,,/data/home/hliu148/mirage/results/qwen3_sglang_decode_only_54_warmup1_repeat1_20260926_082427/b8_in512_out512/summary.json
8,512,512,512,511,1,1,1024,8,8,False,1.125,93.3447265625,completed,,Qwen/Qwen3-8B,identical,a62815b29985b5a2e5531c7be84e9089e899f81e0351e0cabfd3642f4f46a583,416d459b6eb5f0558f5dc038bd4602d367adec52,NVIDIA H100 NVL,590.48.01,2.6.0+cu124,12.4,4.57.1,0.7.0,decode-only,NORMAL,MPK,one_prefill_phase_then_decode,154.5840606689453,3597.0029296875,3751.5869903564453,,,7.039144676492172,,,,1136.501715430951,1091.8046177601314,,[154.5840606689453],[3597.0029296875],,30,1.0,1.0,0,0,30,20,True,"[[30, 30, 30, 30, 30, 30, 30, 30]]",2.2591343808748623,2.207712136176664,,/data/home/hliu148/mirage/results/qwen3_sglang_decode_only_54_warmup1_repeat1_20260926_082427/b8_in512_out512/summary.json
16,16,16,16,15,1,1,64,16,16,False,0.140625,93.3447265625,completed,,Qwen/Qwen3-8B,identical,13dfc348a810b89afea44ad34daf00a44e574c345905c9dcb920cc52f41da833,416d459b6eb5f0558f5dc038bd4602d367adec52,NVIDIA H100 NVL,590.48.01,2.6.0+cu124,12.4,4.57.1,0.7.0,normal,NORMAL,NORMAL,one_prefill_phase_then_decode,16.239839553833008,243.0164794921875,259.2563190460205,,,16.2010986328125,16.217439651489258,16.288537216186523,16.439040031433105,987.5873459343547,987.4397698077227,,[16.239839553833008],[243.0164794921875],,,,,0,0,16,11,True,,1.0,1.0,,/data/home/hliu148/mirage/results/qwen3_sglang_decode_only_54_warmup1_repeat1_20260926_082427/b16_in16_out16/summary.json
16,16,16,16,15,1,1,64,16,16,False,0.140625,93.3447265625,completed,,Qwen/Qwen3-8B,identical,13dfc348a810b89afea44ad34daf00a44e574c345905c9dcb920cc52f41da833,416d459b6eb5f0558f5dc038bd4602d367adec52,NVIDIA H100 NVL,590.48.01,2.6.0+cu124,12.4,4.57.1,0.7.0,decode-only,NORMAL,MPK,one_prefill_phase_then_decode,16.394624710083008,98.10310363769531,114.49772834777832,,,6.5402069091796875,,,,2446.405782291499,2235.8522190276044,,[16.394624710083008],[98.10310363769531],,16,1.0,1.0,0,0,16,11,True,"[[16, 16, 16, 16, 16, 16, 16, 16, 16, 16, 16, 16, 16, 16, 16, 16]]",2.4771538359242125,2.2642922509217716,,/data/home/hliu148/mirage/results/qwen3_sglang_decode_only_54_warmup1_repeat1_20260926_082427/b16_in16_out16/summary.json
16,16,128,16,127,1,1,256,16,16,False,0.5625,93.3447265625,completed,,Qwen/Qwen3-8B,identical,13dfc348a810b89afea44ad34daf00a44e574c345905c9dcb920cc52f41da833,416d459b6eb5f0558f5dc038bd4602d367adec52,NVIDIA H100 NVL,590.48.01,2.6.0+cu124,12.4,4.57.1,0.7.0,normal,NORMAL,NORMAL,one_prefill_phase_then_decode,16.0283203125,2000.0283508300781,2016.0566711425781,,,15.748254730945497,15.734496116638184,15.869894027709961,16.034351921081544,1015.9855979824749,1015.8444597885824,,[16.0283203125],[2000.0283508300781],,,,,0,0,30,20,True,,1.0,1.0,,/data/home/hliu148/mirage/results/qwen3_sglang_decode_only_54_warmup1_repeat1_20260926_082427/b16_in16_out128/summary.json
16,16,128,16,127,1,1,256,16,16,False,0.5625,93.3447265625,completed,,Qwen/Qwen3-8B,identical,13dfc348a810b89afea44ad34daf00a44e574c345905c9dcb920cc52f41da833,416d459b6eb5f0558f5dc038bd4602d367adec52,NVIDIA H100 NVL,590.48.01,2.6.0+cu124,12.4,4.57.1,0.7.0,decode-only,NORMAL,MPK,one_prefill_phase_then_decode,16.648479461669922,840.5908813476562,857.2393608093262,,,6.61882583738312,,,,2417.3471840929883,2389.0643542854446,,[16.648479461669922],[840.5908813476562],,30,1.0,1.0,0,0,30,20,True,"[[30, 30, 30, 30, 30, 30, 30, 30, 30, 30, 30, 30, 30, 30, 30, 30]]",2.379312451764386,2.3518013326397003,,/data/home/hliu148/mirage/results/qwen3_sglang_decode_only_54_warmup1_repeat1_20260926_082427/b16_in16_out128/summary.json
16,16,512,16,511,1,1,1024,16,16,False,2.25,93.3447265625,completed,,Qwen/Qwen3-8B,identical,13dfc348a810b89afea44ad34daf00a44e574c345905c9dcb920cc52f41da833,416d459b6eb5f0558f5dc038bd4602d367adec52,NVIDIA H100 NVL,590.48.01,2.6.0+cu124,12.4,4.57.1,0.7.0,normal,NORMAL,NORMAL,one_prefill_phase_then_decode,16.295360565185547,8292.169061660767,8308.464422225952,,,16.2273367155788,16.257408142089844,16.384096145629883,16.53451442718506,985.9905097451667,985.9824371499506,,[16.295360565185547],[8292.169061660767],,,,,0,0,30,20,True,,1.0,1.0,,/data/home/hliu148/mirage/results/qwen3_sglang_decode_only_54_warmup1_repeat1_20260926_082427/b16_in16_out512/summary.json
16,16,512,16,511,1,1,1024,16,16,False,2.25,93.3447265625,completed,,Qwen/Qwen3-8B,identical,13dfc348a810b89afea44ad34daf00a44e574c345905c9dcb920cc52f41da833,416d459b6eb5f0558f5dc038bd4602d367adec52,NVIDIA H100 NVL,590.48.01,2.6.0+cu124,12.4,4.57.1,0.7.0,decode-only,NORMAL,MPK,one_prefill_phase_then_decode,16.9913272857666,3483.9970703125,3500.9883975982666,,,6.817998180650685,,,,2346.7298723263984,2339.9106394125274,,[16.9913272857666],[3483.9970703125],,30,1.0,1.0,0,0,30,20,True,"[[30, 30, 30, 30, 30, 30, 30, 30, 30, 30, 30, 30, 30, 30, 30, 30]]",2.3800734886717323,2.373176794280635,,/data/home/hliu148/mirage/results/qwen3_sglang_decode_only_54_warmup1_repeat1_20260926_082427/b16_in16_out512/summary.json
16,128,16,128,15,1,1,256,16,16,False,0.5625,93.3447265625,completed,,Qwen/Qwen3-8B,identical,a7533ebd818aa93987ba244c092b976a5cd2528099815e0ffe81f42dfd65aee9,416d459b6eb5f0558f5dc038bd4602d367adec52,NVIDIA H100 NVL,590.48.01,2.6.0+cu124,12.4,4.57.1,0.7.0,normal,NORMAL,NORMAL,one_prefill_phase_then_decode,77.03314971923828,245.05433464050293,322.0874843597412,,,16.336955642700197,16.327808380126953,16.423507308959962,16.69631866455078,979.3746368619935,794.8151121391362,,[77.03314971923828],[245.05433464050293],,,,,0,0,16,11,True,,1.0,1.0,,/data/home/hliu148/mirage/results/qwen3_sglang_decode_only_54_warmup1_repeat1_20260926_082427/b16_in128_out16/summary.json
16,128,16,128,15,1,1,256,16,16,False,0.5625,93.3447265625,completed,,Qwen/Qwen3-8B,identical,a7533ebd818aa93987ba244c092b976a5cd2528099815e0ffe81f42dfd65aee9,416d459b6eb5f0558f5dc038bd4602d367adec52,NVIDIA H100 NVL,590.48.01,2.6.0+cu124,12.4,4.57.1,0.7.0,decode-only,NORMAL,MPK,one_prefill_phase_then_decode,78.1236801147461,106.7712631225586,184.8949432373047,,,7.118084208170573,,,,2247.7958298995986,1384.5700456579552,,[78.1236801147461],[106.7712631225586],,16,1.0,1.0,0,0,16,11,True,"[[16, 16, 16, 16, 16, 16, 16, 16, 16, 16, 16, 16, 16, 16, 16, 16]]",2.2951337979322637,1.7420026676789955,,/data/home/hliu148/mirage/results/qwen3_sglang_decode_only_54_warmup1_repeat1_20260926_082427/b16_in128_out16/summary.json
16,128,128,128,127,1,1,256,16,16,False,0.5625,93.3447265625,completed,,Qwen/Qwen3-8B,identical,a7533ebd818aa93987ba244c092b976a5cd2528099815e0ffe81f42dfd65aee9,416d459b6eb5f0558f5dc038bd4602d367adec52,NVIDIA H100 NVL,590.48.01,2.6.0+cu124,12.4,4.57.1,0.7.0,normal,NORMAL,NORMAL,one_prefill_phase_then_decode,77.9664306640625,2058.9653463363647,2136.9317770004272,,,16.212325561703658,16.20342445373535,16.318566513061523,16.678275184631346,986.9034481885061,958.3834271371736,,[77.9664306640625],[2058.9653463363647],,,,,0,0,30,20,True,,1.0,1.0,,/data/home/hliu148/mirage/results/qwen3_sglang_decode_only_54_warmup1_repeat1_20260926_082427/b16_in128_out128/summary.json
16,128,128,128,127,1,1,256,16,16,False,0.5625,93.3447265625,completed,,Qwen/Qwen3-8B,identical,a7533ebd818aa93987ba244c092b976a5cd2528099815e0ffe81f42dfd65aee9,416d459b6eb5f0558f5dc038bd4602d367adec52,NVIDIA H100 NVL,590.48.01,2.6.0+cu124,12.4,4.57.1,0.7.0,decode-only,NORMAL,MPK,one_prefill_phase_then_decode,76.45136260986328,861.6380004882812,938.0893630981445,,,6.784551184947096,,,,2358.298959480068,2183.1608805756546,,[76.45136260986328],[861.6380004882812],,30,1.0,1.0,0,0,30,20,True,"[[30, 30, 30, 30, 30, 30, 30, 30, 30, 30, 30, 30, 30, 30, 30, 30]]",2.3895944064323658,2.277961845706226,,/data/home/hliu148/mirage/results/qwen3_sglang_decode_only_54_warmup1_repeat1_20260926_082427/b16_in128_out128/summary.json
16,128,512,128,511,1,1,1024,16,16,False,2.25,93.3447265625,completed,,Qwen/Qwen3-8B,identical,a7533ebd818aa93987ba244c092b976a5cd2528099815e0ffe81f42dfd65aee9,416d459b6eb5f0558f5dc038bd4602d367adec52,NVIDIA H100 NVL,590.48.01,2.6.0+cu124,12.4,4.57.1,0.7.0,normal,NORMAL,NORMAL,one_prefill_phase_then_decode,75.34921264648438,8382.108312606812,8457.457525253296,,,16.40334307750844,16.398527145385742,16.50931167602539,16.62673568725586,975.410922297816,968.61260911324,,[75.34921264648438],[8382.108312606812],,,,,0,0,30,20,True,,1.0,1.0,,/data/home/hliu148/mirage/results/qwen3_sglang_decode_only_54_warmup1_repeat1_20260926_082427/b16_in128_out512/summary.json
16,128,512,128,511,1,1,1024,16,16,False,2.25,93.3447265625,completed,,Qwen/Qwen3-8B,identical,a7533ebd818aa93987ba244c092b976a5cd2528099815e0ffe81f42dfd65aee9,416d459b6eb5f0558f5dc038bd4602d367adec52,NVIDIA H100 NVL,590.48.01,2.6.0+cu124,12.4,4.57.1,0.7.0,decode-only,NORMAL,MPK,one_prefill_phase_then_decode,78.19667053222656,3565.4609375,3643.6576080322266,,,6.977418664383562,,,,2293.1116462413916,2248.2902844496757,,[78.19667053222656],[3565.4609375],,30,1.0,1.0,0,0,30,20,True,"[[30, 30, 30, 30, 30, 30, 30, 30, 30, 30, 30, 30, 30, 30, 30, 30]]",2.3509185655204816,2.321144968893162,,/data/home/hliu148/mirage/results/qwen3_sglang_decode_only_54_warmup1_repeat1_20260926_082427/b16_in128_out512/summary.json
16,512,16,512,15,1,1,1024,16,16,False,2.25,93.3447265625,failed,Benchmark exited 1; see /data/home/hliu148/mirage/results/qwen3_sglang_decode_only_54_warmup1_repeat1_20260926_082427/b16_in512_out16/benchmark.log,Qwen/Qwen3-8B,identical,,416d459b6eb5f0558f5dc038bd4602d367adec52,NVIDIA H100 NVL,590.48.01,2.6.0+cu124,12.4,4.57.1,0.7.0,normal,NORMAL,NORMAL,,,,,,,,,,,,,,,,,,,,,,,,,,,,,
16,512,16,512,15,1,1,1024,16,16,False,2.25,93.3447265625,failed,Benchmark exited 1; see /data/home/hliu148/mirage/results/qwen3_sglang_decode_only_54_warmup1_repeat1_20260926_082427/b16_in512_out16/benchmark.log,Qwen/Qwen3-8B,identical,,416d459b6eb5f0558f5dc038bd4602d367adec52,NVIDIA H100 NVL,590.48.01,2.6.0+cu124,12.4,4.57.1,0.7.0,decode-only,NORMAL,MPK,,,,,,,,,,,,,,,,,,,,,,,,,,,,,
16,512,128,512,127,1,1,1024,16,16,False,2.25,93.3447265625,completed,,Qwen/Qwen3-8B,identical,7a4aa28932b8370a683262b50c17b9886e54c4f238f3db522d6285479630fdd8,416d459b6eb5f0558f5dc038bd4602d367adec52,NVIDIA H100 NVL,590.48.01,2.6.0+cu124,12.4,4.57.1,0.7.0,normal,NORMAL,NORMAL,one_prefill_phase_then_decode,309.8235168457031,2071.1876468658447,2381.011163711548,,,16.30856414854996,16.29363250732422,16.386029052734376,16.903169212341307,981.0796250522525,860.138764241472,,[309.8235168457031],[2071.1876468658447],,,,,0,0,30,20,True,,1.0,1.0,,/data/home/hliu148/mirage/results/qwen3_sglang_decode_only_54_warmup1_repeat1_20260926_082427/b16_in512_out128/summary.json
16,512,128,512,127,1,1,1024,16,16,False,2.25,93.3447265625,completed,,Qwen/Qwen3-8B,identical,7a4aa28932b8370a683262b50c17b9886e54c4f238f3db522d6285479630fdd8,416d459b6eb5f0558f5dc038bd4602d367adec52,NVIDIA H100 NVL,590.48.01,2.6.0+cu124,12.4,4.57.1,0.7.0,decode-only,NORMAL,MPK,one_prefill_phase_then_decode,310.0790710449219,923.9938354492188,1234.0729064941406,,,7.275542011411171,,,,2199.148870957674,1659.5453876530948,,[310.0790710449219],[923.9938354492188],,30,1.0,1.0,0,0,30,20,True,"[[30, 30, 30, 30, 30, 30, 30, 30, 30, 30, 30, 30, 30, 30, 30, 30]]",2.2415600271390272,1.9293926243593882,,/data/home/hliu148/mirage/results/qwen3_sglang_decode_only_54_warmup1_repeat1_20260926_082427/b16_in512_out128/summary.json
